trade_week,nav_v7_gold,nav_csi300,excess,dd_strat,dd_bm
2019-01-04,1.0,1.0083770846303939,0.9916925079337118,0.0,0.0
2019-01-11,1.0,1.0279423046211627,0.9728172442212498,0.0,0.0
2019-01-18,1.0,1.0523209644576843,0.9502804123220637,0.0,0.0
2019-01-25,1.0,1.057733642953809,0.9454175979572864,0.0,0.0
2019-02-01,1.0,1.07863525049843,0.9270974590696037,0.0,0.0
2019-02-15,1.0,1.1089634157845327,0.9017430023086498,0.0,0.0
2019-02-22,1.0,1.1692205971487388,0.855270598583877,0.0,0.0
2019-03-01,1.0,1.24548181165711,0.8029021304369774,0.0,0.0
2019-03-08,1.0,1.2148787226800188,0.8231274293733641,0.0,-0.024571285337658844
2019-03-15,1.0,1.243917599819521,0.803911770478277,0.0,-0.0012559090168549059
2019-03-22,1.0,1.273411627295814,0.7852920285670516,0.0,0.0
2019-03-29,1.0,1.2862128011007312,0.7774763236256144,0.0,0.0
2019-04-04,1.002997924936846,1.3492853844095516,0.74335491699983,0.0,0.0
2019-04-12,1.0037195061778077,1.324834182185556,0.7576189682258869,0.0,-0.018121594220555037
2019-04-19,0.9903702532200149,1.368675492922866,0.7235975644636087,-0.013299784327821973,0.0
2019-04-26,0.9936173688043426,1.2918373604987305,0.7691505132044979,-0.010064701653487163,-0.05614050432074602
2019-04-30,0.9943389500453043,1.2997878600181703,0.7650009517948598,-0.00934579439252392,-0.050331603992983864
2019-05-10,1.0055234592802118,1.2390835332234837,0.8115057882048808,0.0,-0.09468421139230965
2019-05-17,1.022841409063294,1.2119497573550144,0.8439635412738276,0.0,-0.11450905373716957
2019-05-24,1.0232021996837748,1.19373211850078,0.8571455721312287,0.0,-0.1278194687686609
2019-05-31,1.0300572214729116,1.2056482685354435,0.8543596406638311,0.0,-0.11911313180545868
2019-06-06,1.0600028429728245,1.1840212371160865,0.8952566134325995,0.0,-0.1349145628467726
2019-06-14,1.0812894895811962,1.2139822063886725,0.8906963247820513,0.0,-0.11302407863228359
2019-06-21,1.1040192986714918,1.2734571323648791,0.8669465744962047,0.0,-0.06956971250697552
2019-06-28,1.1144822266654373,1.2706833160746225,0.877073156282779,0.0,-0.07159635527554964
2019-07-05,1.118531722466876,1.2931419609349941,0.8649721038037712,0.0,-0.05518731969589574
2019-07-12,1.1053473456085368,1.2650844653798763,0.8737340279304006,-0.011787217647490356,-0.0756870624765601
2019-07-19,1.1082577162630918,1.2648267140397687,0.8762130843389555,-0.00918526135416653,-0.07587538420909667
2019-07-26,1.1075212337966864,1.2816382462598817,0.8641449621441081,-0.009843698170586057,-0.06359231761877493
2019-08-02,1.0874306469327017,1.2447256967722886,0.8736307523436928,-0.02780526909472192,-0.09056185837438879
2019-08-09,1.1245198485465222,1.2068906233516865,0.9317495941956941,0.0,-0.11820542590828509
2019-08-16,1.1358670826801633,1.2324694544732742,0.9216188511265002,0.0,-0.0995166780978286
2019-08-23,1.1687036700425553,1.269114387653232,0.9208812707605104,0.0,-0.07274266674930874
2019-08-30,1.191388784011736,1.2620469854120708,0.9440130183605928,0.0,-0.07790634672875252
2019-09-06,1.2080576297420529,1.311511726224498,0.92111843576095,0.0,-0.04176575601298471
2019-09-12,1.2056205970591227,1.3194410343322125,0.9137358666954785,-0.002017314921847313,-0.03597233883797479
2019-09-20,1.202046383257931,1.3072414242541883,0.9195289874964958,-0.004975960033798632,-0.0448857811704384
2019-09-27,1.155268438314268,1.2796734237376228,0.9027838016202623,-0.04369757710901312,-0.06502788253713476
2019-09-30,1.140524492933424,1.2670099941089203,0.9001700840848909,-0.05590224766267882,-0.07428020691510628
2019-10-11,1.150813884901975,1.299294379134152,0.8857222069019306,-0.04738494541216609,-0.05069215759869239
2019-10-18,1.1405478962797435,1.2852284633476265,0.887428133445602,-0.05588287495582822,-0.06096918517700256
2019-10-25,1.1445003563748413,1.2943343266060234,0.884238587240382,-0.05261112698802495,-0.05431613753679754
2019-11-01,1.1605946036656098,1.3128003832789,0.884060226099923,-0.03928871016408175,-0.04082422015509479
2019-11-08,1.1648485087409375,1.3196505569421868,0.8826946668670022,-0.03576743355392864,-0.03581925462549507
2019-11-15,1.1756776076593916,1.2877898672899466,0.912942116972479,-0.02680337534027677,-0.05909773795991957
2019-11-22,1.152328638894351,1.2787903596747232,0.9011083248918615,-0.046131069806331415,-0.06567307861718863
2019-11-29,1.1442027652895932,1.271707445851625,0.8997374113221097,-0.05285746547215142,-0.07084809187615493
2019-12-06,1.2214282007804167,1.2961920627467736,0.9423203828235732,0.0,-0.05295881350319265
2019-12-13,1.2485125446657235,1.3180596731553573,0.9472352201451227,0.0,-0.03698160742208978
2019-12-20,1.2592039415628873,1.3343457048662124,0.9436864352099374,0.0,-0.025082489044456202
2019-12-27,1.2523179485268572,1.3359317724231043,0.937411606174626,-0.005468528813119322,-0.023923655146214307
2020-01-03,1.3024871278060979,1.3767657959720108,0.946048435846366,0.0,0.0
2020-01-10,1.3198651096046448,1.3828176380039205,0.9544751768641403,0.0,0.0
2020-01-17,1.344336904953013,1.38005016585103,0.974121766163483,0.0,-0.0020013283580077035
2020-01-23,1.3599021904774642,1.3299109867704477,1.0225512865186919,0.0,-0.03826003500348962
2020-02-07,1.363328395768569,1.2953563638141568,1.0524736156421617,0.0,-0.06324859604482125
2020-02-14,1.4002009178538632,1.3245410232515626,1.0571215940270133,0.0,-0.04214338402313078
2020-02-21,1.5480602980366254,1.3782689247278403,1.1231917590700327,0.0,-0.003289452745660837
2020-02-28,1.4751628911352144,1.3087021369711884,1.1271952948355968,-0.04708951388641991,-0.05359745131665872
2020-03-06,1.5002194381368934,1.374620846450087,1.0913696253124348,-0.03090374448618549,-0.005927601245863112
2020-03-13,1.478007633375432,1.2938429050754965,1.1423393269596276,-0.04525189668001939,-0.06434307061403843
2020-03-20,1.4104889849688291,1.2134321597144226,1.1623962441384306,-0.08886689571606177,-0.1224929980890348
2020-03-27,1.475248809606685,1.2323106517468505,1.1971403537861656,-0.04703401315974953,-0.10884080598966395
2020-04-03,1.467818173087108,1.2333595269811184,1.1900975676410201,-0.05183397898084907,-0.108082300163992
2020-04-10,1.4893842452585173,1.2519468197869066,1.189654561774457,-0.037902950455176554,-0.09464069203363956
2020-04-17,1.488232250352726,1.2753001873081653,1.166966228942541,-0.03864710422441431,-0.0777524438081042
2020-04-24,1.4920533345214861,1.261178668977395,1.1830626153321258,-0.036178799744539525,-0.08796457731195118
2020-04-30,1.5034427343750774,1.2995773409468305,1.156870535523278,-0.02882159287860786,-0.06019614934710138
2020-05-08,1.5247304055989932,1.3165319650191583,1.1581415765904364,-0.015070402921140147,-0.047935223823471595
2020-05-15,1.5455026064268274,1.2996566260562168,1.189162256739017,-0.0016521912053696353,-0.06013881343583782
2020-05-22,1.5179044366803693,1.2701773462081465,1.1950334661626278,-0.019479771811538704,-0.08145708349393699
2020-05-29,1.5264095108117581,1.2844464072519013,1.1883792910266624,-0.013985751880806307,-0.07113825283138331
2020-06-05,1.5511519655857107,1.3290306463686168,1.1671303215046305,0.0,-0.03889666298510963
2020-06-12,1.5585402361406109,1.3296391521096957,1.1721527857146243,0.0,-0.03845661527067823
2020-06-19,1.5887822062775505,1.3614018896096194,1.1670192456785353,0.0,-0.015487037340089604
2020-06-24,1.6038239575223332,1.374781044222425,1.1666031942049757,0.0,-0.005811752439820017
2020-07-03,1.6341237533100883,1.467985390282032,1.1131743981431161,0.0,0.0
2020-07-10,1.7036978681003674,1.5787712342595657,1.0791290284050505,0.0,0.0
2020-07-17,1.6301669034556365,1.5095395564604326,1.0799100271860718,-0.04315962708030985,-0.04385162099283013
2020-07-24,1.6434023255635613,1.4965489885651424,1.0981279851982784,-0.03539098314658107,-0.05207989853766559
2020-07-31,1.6724347080688227,1.559477383914245,1.0724328068619102,-0.01835017852455456,-0.012220801802465875
2020-08-07,1.7113934171279908,1.5637555247139703,1.0944123874101261,0.0,-0.009511010347637683
2020-08-14,1.685756606892593,1.5626602808107861,1.0787735681218815,-0.014980079962221948,-0.010204742206577855
2020-08-21,1.6795335421887228,1.5673816144109052,1.0715536833829518,-0.018616336033788317,-0.007214230663381782
2020-08-28,1.6925506932917265,1.609041040124976,1.0519002630040215,-0.01101016496130125,0.0
2020-09-04,1.6830069414197677,1.5844463142488407,1.0622050910053413,-0.01658676223954414,-0.01528533161231549
2020-09-11,1.6657300498904581,1.5369694474316151,1.083775642172986,-0.026681981349538808,-0.04479164352934273
2020-09-18,1.6768082475002628,1.573441959579808,1.0656943761357802,-0.020208777994347837,-0.022124408052639266
2020-09-25,1.6296046772471795,1.5179499893312212,1.073556236174257,-0.047790729508628504,-0.056612012075639595
2020-09-30,1.6336437483791648,1.5237207296116706,1.0721411848190243,-0.045430622772467566,-0.05302556515692003
2020-10-09,1.674209651994598,1.5548587854810008,1.076759939634438,-0.02172718719217326,-0.03367363124545708
2020-10-16,1.6922201519958182,1.5915733380950912,1.0632373083235915,-0.011203306580639172,-0.010855970478247157
2020-10-23,1.646332139143658,1.5672636998158813,1.0504499908579938,-0.03801655267175008,-0.02596412351660693
2020-10-30,1.6569613977012128,1.5595729113439032,1.062445612929625,-0.031805673015924185,-0.030743857706221456
2020-11-06,1.7141371351826293,1.6228096782705268,1.0562773676636146,0.0,0.0
2020-11-13,1.7315181464643734,1.6132215609261733,1.0733294101712132,0.0,-0.0059083437033551345
2020-11-20,1.7541645075471446,1.6419319047531749,1.0683539935298603,0.0,0.0
2020-11-27,1.751952376566022,1.6543799658652205,1.0589782351781396,-0.001261073845471694,0.0
2020-12-04,1.7521495807375829,1.6826632927813425,1.041295420334144,-0.0011486532767551738,0.0
2020-12-11,1.7336537110036871,1.6241088646000335,1.067449201707689,-0.01169262999861842,-0.03479866021473732
2020-12-18,1.7666014554328282,1.6607582486407615,1.0637318567459735,0.0,-0.013018079276201022
2020-12-25,1.7860988085351728,1.6747239536292067,1.0665034107051563,0.0,-0.004718317197621058
2020-12-31,1.8143263142931059,1.7309492197973233,1.048168423164687,0.0,0.0
2021-01-08,1.889201574694511,1.8253280948695005,1.0349928760777536,0.0,0.0
2021-01-15,1.816936619503993,1.812922350150148,1.0022142533316514,-0.03825158530380923,-0.006796446487742025
2021-01-22,1.8741343166307425,1.8500222011592447,1.0130334195213382,-0.007975463426238671,0.0
2021-01-29,1.7728485407297867,1.7776753194057278,0.9972847805089882,-0.06158846971294685,-0.03910595327352473
2021-02-05,1.8208227107783939,1.821336735651024,0.9997177760363757,-0.03619458337958148,-0.015505470956103107
2021-02-10,1.8577047178372745,1.9290559033427173,0.9630123806252563,-0.016672046688469222,0.0
2021-02-19,1.8433230048627136,1.9194642651682023,0.9603320250930452,-0.024284634549500694,-0.0049721929560954115
2021-02-26,1.8077606639908899,1.7726253528469709,1.0198210586842218,-0.04310864007023196,-0.08109176630116299
2021-03-05,1.807430882134308,1.748057564643107,1.0339653102346906,-0.0432832015680622,-0.09382742013125267
2021-03-12,1.8269495416700823,1.7093891505817882,1.068773334058124,-0.032951503883059674,-0.11387267335295204
2021-03-19,1.8172225527502341,1.6631241468629943,1.0926559849292683,-0.038100233933965444,-0.13785590973227357
2021-03-26,1.8019753955789986,1.6733874332138385,1.076842911457868,-0.04617092230066411,-0.13253554222345232
2021-04-02,1.8137167342517062,1.7144306804343092,1.0579119674831328,-0.039955948297899835,-0.11125920329032457
2021-04-09,1.7861058341156375,1.6725063952890507,1.067921676799899,-0.054571064284415716,-0.13299226197079672
2021-04-16,1.7723806983854704,1.6495358682247612,1.0744723606967792,-0.06183610995980182,-0.14489991432264693
2021-04-23,1.8099249109545772,1.7057603040084066,1.0610663800191573,-0.041963051906069415,-0.11575382493963926
2021-04-30,1.8136537259124599,1.701786283217705,1.0657353063648145,-0.03998930013292379,-0.11781391080019687
2021-05-07,1.8334523654796953,1.6594578333422365,1.1048502279729666,-0.02950940225837495,-0.13975648374591654
2021-05-14,1.8465512025832156,1.6975018647113718,1.0878051099503132,-0.02257587156531571,-0.12003490320322119
2021-05-21,1.8165843246542233,1.7053268100986454,1.0652411689634682,-0.03843806347241174,-0.1159785431082575
2021-05-28,1.8738842834298157,1.7674197390227835,1.060237272480558,-0.008107812035447859,-0.08379029557404039
2021-06-04,1.892825585049966,1.7545283854642075,1.078823004934838,0.0,-0.09047302236087817
2021-06-11,1.9007900139583258,1.7354048967971618,1.0953005938074718,0.0,-0.10038641503856471
2021-06-18,1.9184611821576125,1.6948033144696562,1.1319668576161266,0.0,-0.12143380006102589
2021-06-25,1.9403611445223052,1.740475357244687,1.114845514155428,0.0,-0.09775794769413015
2021-07-02,1.913633795422335,1.6877123293094902,1.1338625441015047,-0.013774419867879861,-0.12510968376552523
2021-07-09,1.9973789870037486,1.6838324076871556,1.1862100871115007,0.0,-0.12712098971866603
2021-07-16,2.0311201411214888,1.6922480553724293,1.2002496529236553,0.0,-0.12275841646680186
2021-07-23,2.1322788979124776,1.6904064286904352,1.2614001353297992,0.0,-0.12371309418184517
2021-07-30,2.1344452749098006,1.5980481779770355,1.3356576505795894,0.0,-0.17159053026514326
2021-08-06,2.187543539837927,1.6347163619222094,1.3381792650962803,0.0,-0.15258217292224074
2021-08-13,2.225126433745893,1.6428269595678502,1.3544496702995537,0.0,-0.14837773404020183
2021-08-20,2.1682604604096465,1.5841303695649351,1.3687386480729717,-0.025556288610762312,-0.17880535923302499
2021-08-27,2.3204733649692573,1.603320720789666,1.4472920700646716,0.0,-0.16885730578808478
2021-09-03,2.35810899342365,1.6086415255478088,1.4659008585648792,0.0,-0.16609906288339604
2021-09-10,2.4796366296180627,1.6652602943095156,1.489038463290942,0.0,-0.13674855590037072
2021-09-17,2.415830614261937,1.6129189356091989,1.4978003921501974,-0.025732002259522102,-0.16388170357619403
2021-09-24,2.370552459924448,1.6107557840596485,1.4717019695871307,-0.043991998017232525,-0.16500305601901444
2021-09-30,2.3886053116974644,1.6163874183333489,1.4777430736007253,-0.0367115555695835,-0.16208368273183194
2021-10-08,2.4158759635443405,1.6374985484879436,1.4753454076494577,-0.02571371357888963,-0.1511399199730581
2021-10-15,2.391886080460541,1.6382184918251648,1.4600531567652513,-0.03538847108055432,-0.15076670977423823
2021-10-22,2.398762206289199,1.6473915830104144,1.4560971605219344,-0.032615433391674276,-0.14601148667813502
2021-10-29,2.4009589451006534,1.6304665870560475,1.4725594281792664,-0.03172952180881761,-0.15478520646771643
2021-11-05,2.421491653345174,1.608403504142756,1.505524979961901,-0.02344899070225659,-0.16622245039364936
2021-11-12,2.495439310303287,1.6236922441027435,1.5368918090030497,0.0,-0.1582969465585895
2021-11-19,2.4838535245115123,1.624251126067776,1.5292299846051436,-0.004642784035636005,-0.15800722868983097
2021-11-26,2.4333651279570083,1.6143094310152468,1.5073721810735217,-0.024875051895665745,-0.16316088703394738
2021-12-03,2.452303839115216,1.6278915315930085,1.5064295080615482,-0.01728572240165127,-0.15612008507780595
2021-12-10,2.4494821102870312,1.6790763308007286,1.4588271333197262,-0.018416476740790833,-0.12958648430499997
2021-12-17,2.4060364322472956,1.6457422733721359,1.4619764413763963,-0.03582650865795867,-0.1468664694888564
2021-12-24,2.3843846559606976,1.6346433545194323,1.4586574186769206,-0.04450304757325152,-0.15262001910526246
2021-12-31,2.385750743518772,1.640963709674207,1.4538717276035515,-0.04395561387993985,-0.1493436209750567
2022-01-07,2.397439239786811,1.6017681011193072,1.4967455264663425,-0.03927167056792302,-0.16966216565122727
2022-01-14,2.380520577416362,1.5700018427892222,1.5162533651471355,-0.04605150380233369,-0.18612942213406936
2022-01-21,2.3883387633638358,1.5874673193887217,1.5044963346291134,-0.04291851398559332,-0.17707552350457145
2022-01-28,2.352039919779058,1.5158741610127464,1.551606314212569,-0.057464587470492656,-0.21418857878301967
2022-02-11,2.3762685600147266,1.5283708826548512,1.5547722002443791,-0.04775541917470094,-0.2077104245623721
2022-02-18,2.4333462994144113,1.5449255935654658,1.5750572775473273,-0.0248825970771972,-0.1991286562051523
2022-02-25,2.4562974081081648,1.5190803418898826,1.6169634616246127,-0.015685375329911322,-0.21252653214581207
2022-03-04,2.4731551070970776,1.4935062937828536,1.6559388583712649,-0.008929972015027987,-0.22578381933106872
2022-03-11,2.533416979814675,1.4304274991981827,1.7710907971461443,0.0,-0.25848312808379403
2022-03-18,2.479707348152612,1.4169354122971856,1.750049668200771,-0.021200470388412773,-0.2654772680035432
2022-03-25,2.5193234409144813,1.3866006371506856,1.8169063055469372,-0.005563055356653024,-0.28120246036004004
2022-04-01,2.4809647098141054,1.4203420812012402,1.7467374533576125,-0.0207041598041261,-0.2637112907199656
2022-04-08,2.479664413844601,1.4052652553585059,1.7645525671322446,-0.02121741758200668,-0.2715269407571722
2022-04-15,2.5401281764265478,1.3913082527993275,1.825712002581586,0.0,-0.27876208751211773
2022-04-22,2.545329360304564,1.3330161264650324,1.909451288525978,0.0,-0.3089800434735208
2022-04-29,2.5394780284417955,1.3340096648780866,1.9036429010234157,-0.0022988505747124632,-0.3084650047899179
2022-05-06,2.5271252167315046,1.2983277119626133,1.9464463351177979,-0.007151979565772737,-0.32696211151121235
2022-05-13,2.5050201852499323,1.3248286684326636,1.8908257685980576,-0.015836526181353783,-0.3132243258803611
2022-05-20,2.494617817493898,1.3543902227742193,1.8418752406408638,-0.01992337164750968,-0.29789996213831993
2022-05-27,2.523224328822992,1.3290465565351008,1.898522152151825,-0.008684546615581157,-0.3110378220599542
2022-06-02,2.4991688533871628,1.3583655721800758,1.839835243598071,-0.01813537675606669,-0.2958391875392179
2022-06-10,2.489416633615881,1.407997784932815,1.7680543678800373,-0.021966794380587684,-0.27011042941109153
2022-06-17,2.4946178174938973,1.4312654235611846,1.7429456314866785,-0.019923371647510013,-0.2580487579022197
2022-06-24,2.4660113061648037,1.4597402703519278,1.6893493700562736,-0.031162196679438647,-0.24328773063421716
2022-07-01,2.436754646850958,1.483637273979313,1.6424194037099493,-0.04265644955300174,-0.2308998036767993
2022-07-08,2.3658885165129764,1.4710363889090414,1.6083140664301177,-0.07049808429118842,-0.23743195499933822
2022-07-15,2.334681413244874,1.4111644395090837,1.6544361152248592,-0.08275862068965589,-0.26846887274558406
2022-07-22,2.3554861487569414,1.4077455141302224,1.6732329281917704,-0.07458492975734454,-0.27024120364223503
2022-07-29,2.410748727460871,1.3851151457610416,1.7404681010374068,-0.052873563218392206,-0.28197252170822074
2022-08-05,2.440005386774716,1.380733771563758,1.7671802030389059,-0.04137931034482922,-0.2842437748065324
2022-08-12,2.443256126698476,1.3921070162306302,1.7550778052351272,-0.04010217113665571,-0.27834801789914354
2022-08-19,2.4224513911864083,1.378794890252404,1.7569338328073953,-0.04827586206896728,-0.2852488681830355
2022-08-26,2.4458567186374847,1.364336800487444,1.792707429546458,-0.03908045977011676,-0.29274377268005214
2022-09-02,2.4016466556743405,1.3364583358244886,1.7970232152375445,-0.05644955300127885,-0.30719564243387687
2022-09-09,2.4374047948357074,1.359766995445775,1.7925165142257689,-0.04240102171136817,-0.29511270612244256
2022-09-16,2.402296803659093,1.306255425732142,1.8390712538572858,-0.05619412515964406,-0.3228524774898285
2022-09-23,2.4276525750644264,1.2807920512675406,1.8954307006058408,-0.04623243933588894,-0.3360523927543253
2022-09-30,2.4348042028967,1.2638070683389167,1.9265632103932462,-0.04342273307790667,-0.3448572090891925
2022-10-14,2.4543086424392633,1.2762909024140159,1.9230009692908634,-0.035759897828864795,-0.338385735632427
2022-10-21,2.4296030190186824,1.2432160578022013,1.9542886401530362,-0.0454661558109849,-0.35553134792624475
2022-10-28,2.4601599743020324,1.1762660108090832,2.091499670733353,-0.03346104725415211,-0.3902374686131078
2022-11-04,2.4523581984850065,1.251281316455671,1.959877580072447,-0.03652618135376917,-0.3513504122470381
2022-11-11,2.5427287683655524,1.2583442678360626,2.0206940448325863,-0.0010217113665402788,-0.3476890609258283
2022-11-18,2.5459795082893133,1.2627054138676088,2.016289373854108,0.0,-0.3454282938718568
2022-11-25,2.5498803961978256,1.2541384369161588,2.033172990429835,0.0,-0.3498693144439434
2022-12-02,2.562883355892868,1.2857499780114212,1.9932983859402422,0.0,-0.3334822615646126
2022-12-09,2.5258249207619965,1.3280319595718373,1.901930825201174,-0.014459665144596845,-0.3115637772494879
2022-12-16,2.5206237368839797,1.3134114798195335,1.9191424588662196,-0.016489091831557667,-0.3191428628151104
2022-12-23,2.5420786203807992,1.2715573787698478,1.9991851432139864,-0.008117706747843956,-0.3408395388819677
2022-12-30,2.5641836518623706,1.285977835510537,1.9939563350595249,0.0,-0.333364142904225
2023-01-06,2.558332319999602,1.3222672977057228,1.9348072242568397,-0.0022819472616630865,-0.314552110483442
2023-01-13,2.5921400152067124,1.3533198239744373,1.9153935154767046,0.0,-0.2984548443467241
2023-01-20,2.639600818093617,1.3889099363673079,1.9004837887455033,0.0,-0.2800053466773206
2023-02-03,2.7070067140353347,1.3756587273939473,1.9677894379832834,0.0,-0.28687461829894567
2023-02-10,2.717567190083231,1.363926324835247,1.9924589331549818,0.0,-0.2929565584533862
2023-02-17,2.6671263890847543,1.340076785984281,1.990278778783382,-0.018561013388203262,-0.3053198802263004
2023-02-24,2.7064144786558977,1.3488917157390692,2.006398621236272,-0.004103932174347458,-0.3007503238233401
2023-03-03,2.7866813023992023,1.3719782641217857,2.031140999294897,0.0,-0.2887825273780885
2023-03-10,2.6726709034286205,1.3176989873561027,2.028286375776308,-0.04091260772174565,-0.31692026909497006
2023-03-17,2.7637938152582846,1.3149368628792115,2.101845262141809,-0.008213169952808297,-0.3183521220921305
2023-03-24,2.8116632294268182,1.3375984869199185,2.1020233328023727,0.0,-0.3066046014518845
2023-03-31,2.8840106080296652,1.3455303193964276,2.1434006848120397,0.0,-0.3024928323410129
2023-04-07,3.068315533349783,1.369563041061916,2.240360933638154,0.0,-0.2900345507412708
2023-04-14,2.98549722509143,1.3591729051791293,2.1965543998965775,-0.026991457481537973,-0.2954206755626315
2023-04-21,2.916110718674108,1.3394324740647692,2.1771240993019982,-0.04960533329162142,-0.3056538839834727
2023-04-28,3.009880124082538,1.338276113864446,2.249072588907769,-0.019044784876948162,-0.30625332757570844
2023-05-05,3.0582938829463227,1.3342210475492777,2.2921943021089755,-0.003266173343169698,-0.3083554264874826
2023-05-12,3.0289489527860134,1.3079426341177225,2.3158117747489757,-0.012830030072165322,-0.3219778484121242
2023-05-19,3.0018283173262184,1.310194005713578,2.2911326904532103,-0.02166896308443822,-0.32081076372994666
2023-05-26,2.990861458076509,1.2791079983429525,2.3382399781340464,-0.02524319107061157,-0.33692538607798683
2023-06-02,3.0313286061648457,1.2827226951649318,2.3631987003824544,-0.012054473141019373,-0.3350515695567987
2023-06-09,3.032609188041868,1.2743753050832565,2.3796829520670477,-0.011637116495946898,-0.33937875886593727
2023-06-16,3.0300491617717307,1.316442017773152,2.301695874837889,-0.0124714590667524,-0.31757186741349086
2023-06-21,3.038337313147251,1.283452968484984,2.367314882393993,-0.009770253377364924,-0.3346730044157953
2023-06-30,3.036269274757095,1.2762848572150591,2.378990283863778,-0.010444251330860355,-0.338388869392805
2023-07-07,3.038886122284013,1.2707203512220748,2.3914672645019506,-0.009591390046394976,-0.3412734441650249
2023-07-14,3.057840030429676,1.2951017347196647,2.3610809471207834,-0.003414089198535253,-0.3286344203527335
2023-07-21,3.0991435032435257,1.2694618869470746,2.441304882887542,0.0,-0.3419258173144082
2023-07-28,3.0709970738941506,1.326202921518438,2.315631359323208,-0.00908200259843328,-0.312511929166822
2023-08-04,3.1119801947735772,1.3354506144446519,2.33028474517397,0.0,-0.3077180334014432
2023-08-11,2.9957425193229397,1.2901696163251737,2.321975716538572,-0.03735167583837884,-0.3311911727962187
2023-08-18,2.998561758226661,1.256871198998119,2.385735117979379,-0.036445744975304506,-0.34845268256861794
2023-08-25,3.0149226389160537,1.2320087903835908,2.4471600060396854,-0.031188359109909247,-0.3613410641709581
2023-09-01,3.038028657791308,1.2593581672763692,2.4123626913554648,-0.023763498593746712,-0.3471634673240308
2023-09-08,3.064755513668182,1.242252745383927,2.4670949813204057,-0.015175122638860894,-0.35603071780796003
2023-09-15,3.087024554967959,1.2318841994974126,2.505937292017717,-0.008019215497428234,-0.3614056506279718
2023-09-22,3.08838439762288,1.2419006623678006,2.486820799124613,-0.007582245282384936,-0.35621323352226164
2023-09-28,3.004914549038478,1.2254871168174257,2.4520164331406455,-0.03440434676123927,-0.3647218234091244
2023-10-13,2.984389176435756,1.21681564428402,2.452622293652203,-0.04099994548554786,-0.3692170132677385
2023-10-20,3.113699023832903,1.166055404049142,2.670283944502589,0.0,-0.3955305276386385
2023-10-27,3.1109623074858734,1.1832597081245093,2.6291458131510383,-0.0008789277081960867,-0.3866120177885324
2023-11-03,3.120540814700477,1.1904844848308032,2.6212360215210886,0.0,-0.3828667781125984
2023-11-10,3.0815426067553062,1.1912660094804675,2.5867795960192153,-0.012497259372944325,-0.3824616448822393
2023-11-17,3.0945420094036966,1.185147470967767,2.611102909308626,-0.008331506248629439,-0.3856334236275304
2023-11-24,3.0439127569836497,1.1751629945072402,2.5902047385860705,-0.024556018417013492,-0.390809259352781
2023-12-01,3.1000154420977557,1.1568522197306268,2.679698745635458,-0.006577504933128475,-0.4003013506627756
2023-12-08,3.1082255911388454,1.129144116745946,2.752727083320744,-0.003946502959876752,-0.4146649069167274
2023-12-15,3.1075414120520874,1.109909057621243,2.799816246848341,-0.004165753124314553,-0.42463613641369113
2023-12-22,3.1335402173488687,1.1084729574999934,2.826898208158486,0.0,-0.42538059390647875
2023-12-29,3.143118724563472,1.1396561530692215,2.757953542477441,0.0,-0.40921559033390564
2024-01-05,3.154749769038348,1.1057769648424522,2.8529711409640615,0.0,-0.4267781649425848
2024-01-12,3.1417503663899575,1.090848412451038,2.880098032439473,-0.004120581218824526,-0.43451695175822114
2024-01-19,3.145171261823745,1.0860685865687114,2.8959232416071377,-0.0030362177401863644,-0.4369947575460389
2024-01-26,3.1294351428283247,1.1073413759723147,2.8260798437884485,-0.008024289741921375,-0.4259671925248587
2024-02-02,3.1643282762529523,1.0561253543084472,2.996167323645932,0.0,-0.4525169786534614
2024-02-08,3.1547497690383492,1.1176741488957755,2.8226024303730526,-0.0030270270270268407,-0.4206108039901585
2024-02-23,3.1328560382621125,1.1591308943679215,2.7027629523846577,-0.009945945945945889,-0.39912011240350787
2024-03-01,3.157486485385379,1.1750949361959153,2.68700543941324,-0.002162162162161918,-0.3908445399847247
2024-03-08,3.3039008099514615,1.1774552542344967,2.8059671890457007,0.0,-0.3896209787418954
2024-03-15,3.3134793171660655,1.1857867009343097,2.794329970605418,0.0,-0.3853020542952912
2024-03-22,3.347688271503934,1.1774859452445818,2.8430812996316215,0.0,-0.38960506888151647
2024-03-29,3.469472148946751,1.1749888130603943,2.9527703671578878,0.0,-0.39089955297596934
2024-04-03,3.5406267739695214,1.18505931735222,2.9877211394619048,0.0,-0.3856791214299602
2024-04-12,3.7212500528734735,1.1545130598883921,3.22322040534839,0.0,-0.4015139437442832
2024-04-19,3.7014088593575085,1.1763764187284793,3.1464493851026734,-0.0053318624747197285,-0.39018023444005734
2024-04-26,3.6063079662982314,1.1905283955616826,3.0291658558860344,-0.030888030888030826,-0.3828440153037014
2024-04-30,3.5762040864809066,1.1972132230689054,2.9871070729688047,-0.03897775326346731,-0.3793786789722663
2024-05-10,3.6316225925082546,1.2177678295503687,2.982196198966057,-0.024085309799595556,-0.36872341157133415
2024-05-17,3.666515725932882,1.2216515377258959,3.001277870740539,-0.014708586137157531,-0.36671014271334135
2024-05-24,3.598097817257143,1.1962436993747816,3.0078301094816164,-0.03309431880860436,-0.3798812687066767
2024-05-31,3.6152022944260773,1.1890855527185207,3.040321435376034,-0.028497885640742737,-0.3835919681446023
2024-06-07,3.653516323284492,1.1871556063440856,3.0775378591991887,-0.018201875344732388,-0.38459242975439334
2024-06-14,3.5673097583530606,1.1763336373204822,3.0325663104209752,-0.041367898510755396,-0.3902024118211912
2024-06-21,3.639832741549344,1.1610833607692377,3.134859101880413,-0.0218790218790218,-0.3981079766753868
2024-06-28,3.5857825936955097,1.1498024880710302,3.1186074398840526,-0.03640375068946489,-0.403955849035467
2024-07-05,3.640516920636101,1.1396397446720554,3.1944453829869737,-0.021695164552307356,-0.4092240962549304
2024-07-12,3.687041098535602,1.1533712812393975,3.1967512617216864,-0.009192866335723915,-0.4021058284309924
2024-07-19,3.6671999050196376,1.175497440157182,3.1197004601977496,-0.014524728810443532,-0.3906358866426576
2024-07-26,3.6220440852936493,1.1324096202897618,3.198528183085232,-0.026659312373598643,-0.41297210810350626
2024-08-02,3.726723485567531,1.1241385923641314,3.3151815184371585,0.0,-0.4172597121647976
2024-08-09,3.6555688605447614,1.1066126637750702,3.303386071937987,-0.019093078758949944,-0.426344948398072
2024-08-16,3.6925145312296612,1.111265009033256,3.3228028428987977,-0.009179364787956668,-0.42393322707360226
2024-08-23,3.7280918437410446,1.10513893062955,3.3734146363094015,0.0,-0.42710891441013343
2024-08-30,3.740407067302678,1.1032263226828902,3.3904258721878007,0.0,-0.4281003879819183
2024-09-06,3.7363019927821344,1.0733037171729105,3.48112275491189,-0.001097494055240289,-0.4436119164234368
2024-09-13,3.797878110590301,1.0493558608004603,3.6192470566593467,0.0,-0.45602620484864664
2024-09-20,3.8334554231016855,1.0632407859874695,3.6054442922272014,0.0,-0.44882842215974206
2024-09-27,3.8916106454760655,1.2301929720509877,3.163414792549124,0.0,-0.36228236313977324
2024-09-30,4.278713668400051,1.3345455950163132,3.206120258744512,0.0,-0.30818718487951613
2024-10-11,4.0677995720494255,1.2911372467427025,3.150555513994908,-0.04929380947089468,-0.3306895645142337
2024-10-18,4.302664260493991,1.303781345020897,3.3001425253749335,0.0,-0.3241350119705336
2024-10-25,4.311261567003228,1.3141402252321575,3.2806708783620073,0.0,-0.3187650897234332
2024-11-01,4.235062541705519,1.2920849811482815,3.2776965938740346,-0.01767441481187504,-0.33019827009195346
2024-11-08,4.50322390069373,1.3631747604573325,3.3034824523767883,0.0,-0.29334616062956576
2024-11-15,4.3598746871974905,1.31826218732039,3.3072894975920812,-0.03183257520776528,-0.3166283128259416
2024-11-22,4.293658319875515,1.2840065359893964,3.3439536322663805,-0.04653678907369685,-0.33438604150121454
2024-11-29,4.343607462077054,1.3009079490247586,3.3389045438098,-0.03544492615436823,-0.32562454682079867
2024-12-06,4.412487456755438,1.319693670503975,3.343569462654438,-0.02014921885725318,-0.3158862486995965
2024-12-13,4.4044025847290005,1.3064209047497215,3.3713503578487036,-0.021944570855005785,-0.3227666951041066
2024-12-20,4.324031046443714,1.3046150842461604,3.3144113529411237,-0.03979212630809015,-0.3237028113153745
2024-12-27,4.325908110631824,1.3223144303283532,3.271467066692774,-0.03937529955696628,-0.3145276774835747
2025-01-03,4.163434684829091,1.2539352916589293,3.3202946854785123,-0.07545465723174316,-0.34997462256740297
2025-01-10,4.172270269802812,1.239757572907094,3.3653920419451855,-0.07349259956626486,-0.35732418601305926
2025-01-17,4.212033007029187,1.2662841384342605,3.3262937433910342,-0.06466276163165774,-0.3435731249467623
2025-01-24,4.206299788542328,1.2731001999034377,3.303981720261585,-0.06593589808085265,-0.34003975846559076
2025-01-27,4.161412854100988,1.2678576505779358,3.282239809969253,-0.07590363129403477,-0.3427574346700063
2025-02-07,4.385560720955428,1.2929759836867332,3.39183463288362,-0.026128654122699935,-0.32973638480552514
2025-02-14,4.4651369705501684,1.3083565973847022,3.4127828601740626,-0.008457702966466751,-0.3217632547001108
2025-02-21,4.578497932357148,1.3214552481228676,3.4647393007526532,0.0,-0.3149730674818618
2025-02-28,4.426297663571286,1.292094414315883,3.4256766491130213,-0.033242401991760984,-0.33019338004828747
2025-03-07,4.503272662621634,1.3100192928206702,3.4375620933989492,-0.016430119844301427,-0.3209013328485528
2025-03-14,4.477981046722818,1.3307929879412248,3.364896785074277,-0.021954118385411392,-0.3101324924616271
2025-03-21,4.44164320458609,1.300280975533022,3.415910321048368,-0.02989074796864677,-0.32594956253996477
2025-03-28,4.413840928426793,1.3004372871060306,3.3941205563624477,-0.03596310544702708,-0.3258685324502003
2025-04-03,4.42174179413565,1.2826129847684915,3.4474481754398916,-0.03423745965105107,-0.33510844214211366
2025-04-11,4.378266742202464,1.2457483318572433,3.5145676138896023,-0.043732943230051724,-0.3542186466972892
2025-04-18,4.376595752223285,1.2530578077796808,3.492732518045808,-0.04409790789834833,-0.3504294999391411
2025-04-25,4.359003026696345,1.257864305611248,3.4654000493146406,-0.047940374529731544,-0.34793786772504176
2025-04-30,4.335830341879665,1.2524092775070514,3.4619915547976707,-0.05300157258180771,-0.3507656904411921
2025-05-09,4.362392660593903,1.2775154870025578,3.4147473787808327,-0.0472000369894211,-0.33775092531592976
2025-05-16,4.378929579612298,1.291774450571133,3.389856160784291,-0.043588171425056554,-0.3303592455082751
2025-05-23,4.394012263124811,1.2895120514694896,3.407499959475001,-0.0402939286984364,-0.3315320467203723
2025-05-30,4.357396030778301,1.2755477083115785,3.4160980435189794,-0.048291362111638536,-0.33877099875577643
2025-06-06,4.404135662238126,1.2867584965603496,3.422659087941425,-0.038082854397895494,-0.3329594573539203
2025-06-13,4.476609504431941,1.283502758337925,3.487806687871039,-0.022253680012639387,-0.3346471939388388
2025-06-20,4.405566973572764,1.2776774784053548,3.4481056824068537,-0.037770238479796436,-0.3376669508688873
2025-06-27,4.479499016122345,1.302626712020275,3.438820173720361,-0.02162257528504241,-0.32473356020266175
2025-07-04,4.480650266341144,1.3227039470764768,3.3874929278351047,-0.02137112814324893,-0.314325756560781
2025-07-11,4.604647272936952,1.3335333563449494,3.4529674499914442,0.0,-0.30871191755813354
2025-07-18,4.675294926562625,1.3480622945130603,3.468159405980129,0.0,-0.30118028607822944
2025-07-25,4.734975024612697,1.3708529603007151,3.4540356710277784,0.0,-0.2893658717068457
2025-08-01,4.675567937781333,1.3468598977976094,3.4714582752273193,-0.012546441432650157,-0.30180359446103344
2025-08-08,4.714760470076533,1.363480308727648,3.457886732868319,-0.004269199822826364,-0.29318776798278656
2025-08-15,4.970227451094201,1.3958275704650989,3.5607746660556994,0.0,-0.2764193261344198
2025-08-22,5.2725130078112965,1.4541685234063473,3.6257922812554,0.0,-0.24617605903150497
2025-08-29,5.566503245982052,1.4936155723793678,3.7268647628750076,0.0,-0.22572717058578107
2025-09-05,5.521738538825007,1.4815138148075233,3.7270921699386146,-0.008041800243151931,-0.2320005800556021
2025-09-12,5.596126256272623,1.5019987686394751,3.7257861811309256,0.0,-0.22138141977286752
2025-09-19,5.65430226116234,1.4953296187910836,3.781308274849545,0.0,-0.22483862898947704
2025-09-26,5.7726876273981365,1.511315914922927,3.8196432462583627,0.0,-0.21655152020007296
2025-09-30,5.955216949785899,1.541423928677814,3.8634517338095957,0.0,-0.20094387829466465
2025-10-10,5.854154635876317,1.5334989385693536,3.8175146318248063,-0.016970383239054754,-0.20505210040203214
2025-10-17,5.7443801305595175,1.4994200927001375,3.8310678631864317,-0.035403717615016816,-0.22271817519549109
2025-10-24,5.731921079106037,1.548063682915897,3.702639072515107,-0.037495841471886227,-0.19750190741835283
2025-10-31,5.783040122183083,1.5414153258946839,3.75177281880627,-0.02891193201769182,-0.2009483378767406
2025-11-07,6.000333642273529,1.5540792869694484,3.8610215660068117,0.0,-0.1943834886917999
2025-11-14,5.935805045887692,1.5372541696593733,3.861303591196604,-0.010754168056792746,-0.20310543256129587
2025-11-21,5.655527442769859,1.4792826381620268,3.8231554247109374,-0.057464504485957635,-0.23315719591190276
2025-11-28,5.688211063733314,1.5035478010489163,3.7831926991380396,-0.05201753721513924,-0.22057841950379442
2025-12-05,5.717513025793569,1.5227712680063903,3.7546761919660647,-0.04713414842258645,-0.2106131992506317
2025-12-12,5.726316979659806,1.5215798987967275,3.7634020955378054,-0.04566690436732079,-0.21123079110351595
2025-12-19,5.726005317474225,1.5173376638215714,3.773718569044606,-0.0457188451766426,-0.2134299160577513
2025-12-26,5.881963105002156,1.5469199113441692,3.8023708026947087,-0.019727325900251502,-0.19809482521287902
2025-12-31,5.914789080211419,1.5378519468330745,3.84613687448382,-0.01425663424104151,-0.20279555187164588
2026-01-09,6.229430586909551,1.5806940061121624,3.9409465480490504,0.0,-0.18058672982307278
2026-01-16,6.196902861455857,1.5717094786328139,3.9427788313946985,-0.005221620981225472,-0.18524420370124284
2026-01-23,6.266887872143814,1.5619520625023098,4.012215241807106,0.0,-0.19030233400923247
2026-01-30,6.140924887912408,1.563228695589557,3.9283598780128686,-0.020099766710572342,-0.18964054236025285
2026-02-06,6.0315237147848775,1.5423879718344229,3.9105100823700982,-0.03755678450944133,-0.2004441296067503
2026-02-13,6.043647617535959,1.5479713773779897,3.904237317212486,-0.03562218746567225,-0.19754975752873438
2026-02-27,6.257060014084119,1.5646592155271544,3.9989922099273434,-0.0015682198660964541,-0.18889897756935248
2026-03-06,6.292811336704827,1.5479824713145356,4.065169634227845,0.0,-0.19754400656188753
2026-03-13,6.2539654086095835,1.550872541430872,4.032546351513533,-0.006173064154754271,-0.1960458280428885
2026-03-20,6.036285599180171,1.516952298995807,3.979219124540748,-0.040764886121468225,-0.2136296846725938
2026-03-27,5.964484218022417,1.4955456183999392,3.9881660209092953,-0.052174950290872046,-0.22472665732059938
2026-04-03,5.886212708450539,1.4750248583895544,3.9905854297785592,-0.06461319218052386,-0.2353643791071095
2026-04-10,5.924651491849252,1.540052797837653,3.8470444001451747,-0.05850482799447132,-0.2016546564726246
2026-04-17,6.050539260131177,1.5706461879241114,3.852261130896731,-0.038499815680238414,-0.18579540115843418
2026-04-22,6.157779488724066,1.5942142928698284,3.862579526645145,-0.021458111606357022,-0.17357797142771592
