trade_week,Gate,Regime_csi,scale,持仓数,总仓位(%),换手率(%),主导板块,主导板块权重(%),周收益(%),成本(bps),NAV
2019-01-04,RISK-OFF,OFF,0.0,0,0.0,0.0,—,0.0,0.0,0.0,1.0
2019-01-11,RISK-OFF,OFF,0.0,0,0.0,0.0,—,0.0,0.0,0.0,1.0
2019-01-18,RISK-OFF,OFF,0.0,0,0.0,0.0,—,0.0,0.0,0.0,1.0
2019-01-25,RISK-OFF,OFF,0.0,0,0.0,0.0,—,0.0,0.0,0.0,1.0
2019-02-01,RISK-OFF,OFF,0.0,0,0.0,0.0,—,0.0,0.0,0.0,1.0
2019-02-15,RISK-OFF,OFF,0.0,0,0.0,0.0,—,0.0,0.0,0.0,1.0
2019-02-22,RISK-OFF,OFF,0.0,0,0.0,0.0,—,0.0,0.0,0.0,1.0
2019-03-01,RISK-OFF,OFF,1.0,0,0.0,0.0,—,0.0,0.0,0.0,1.0
2019-03-08,RISK-OFF,OFF,1.0,0,0.0,0.0,—,0.0,0.0,0.0,1.0
2019-03-15,RISK-OFF,OFF,1.0,0,0.0,0.0,—,0.0,0.0,0.0,1.0
2019-03-22,RISK-OFF,OFF,1.0,0,0.0,0.0,—,0.0,0.0,0.0,1.0
2019-03-29,RISK-OFF,OFF,1.0,1,100.0,50.0,周期资源,100.0,0.0,0.0,1.0
2019-04-04,RISK-OFF,OFF,1.0,1,100.0,0.0,周期资源,100.0,0.2998,2.5,1.003
2019-04-12,RISK-OFF,OFF,1.0,1,100.0,0.0,周期资源,100.0,0.0719,0.0,1.0037
2019-04-19,RISK-OFF,OFF,1.0,1,100.0,0.0,周期资源,100.0,-1.33,0.0,0.9904
2019-04-26,RISK-OFF,OFF,1.0,1,100.0,0.0,周期资源,100.0,0.3279,0.0,0.9936
2019-04-30,RISK-OFF,OFF,1.0,1,100.0,0.0,周期资源,100.0,0.0726,0.0,0.9943
2019-05-10,RISK-OFF,OFF,1.0,1,100.0,0.0,周期资源,100.0,1.1248,0.0,1.0055
2019-05-17,RISK-OFF,OFF,1.0,1,100.0,0.0,周期资源,100.0,1.7223,0.0,1.0228
2019-05-24,RISK-OFF,OFF,1.0,1,100.0,0.0,周期资源,100.0,0.0353,0.0,1.0232
2019-05-31,RISK-OFF,OFF,1.0,1,100.0,0.0,周期资源,100.0,0.67,0.0,1.0301
2019-06-06,RISK-OFF,ON,1.0,1,100.0,0.0,周期资源,100.0,2.9072,0.0,1.06
2019-06-14,RISK-OFF,ON,1.0,1,100.0,0.0,周期资源,100.0,2.0082,0.0,1.0813
2019-06-21,RISK-OFF,ON,1.0,1,100.0,0.0,周期资源,100.0,2.1021,0.0,1.104
2019-06-28,RISK-ON,ON,1.0,4,50.0,62.5,周期资源,12.5,0.9477,0.0,1.1145
2019-07-05,RISK-ON,ON,1.0,4,50.0,12.5,医疗,12.5,0.5522,3.12,1.1206
2019-07-12,RISK-ON,ON,1.0,4,50.0,12.5,周期资源,12.5,-1.1807,0.62,1.1074
2019-07-19,RISK-ON,ON,1.0,4,50.0,12.5,周期资源,12.5,0.4586,0.62,1.1125
2019-07-26,RISK-ON,ON,1.0,4,50.0,0.0,周期资源,12.5,0.1947,0.62,1.1146
2019-08-02,RISK-ON,ON,1.0,1,50.0,37.5,周期资源,50.0,-1.1573,0.0,1.1018
2019-08-09,RISK-ON,OFF,1.0,4,100.0,25.0,周期资源,62.5,3.417,1.88,1.1394
2019-08-16,RISK-ON,OFF,1.0,5,100.0,45.83,医疗,29.17,0.997,1.25,1.1508
2019-08-23,RISK-ON,OFF,1.0,4,100.0,12.5,周期资源,29.17,3.0607,2.29,1.186
2019-08-30,RISK-ON,OFF,1.0,5,100.0,25.0,医疗,25.0,2.7948,0.62,1.2191
2019-09-06,RISK-ON,OFF,1.0,4,100.0,25.0,医疗,25.0,1.4789,1.25,1.2372
2019-09-12,RISK-ON,OFF,1.0,5,100.0,37.5,地产链,25.0,-0.2127,1.25,1.2345
2019-09-20,RISK-ON,OFF,1.0,5,100.0,25.0,医疗,25.0,-0.8452,1.88,1.2241
2019-09-27,RISK-ON,OFF,1.0,5,100.0,37.5,地产链,29.17,-3.6672,1.25,1.1792
2019-09-30,RISK-ON,OFF,1.0,4,50.0,37.5,地产链,12.5,-1.2804,1.87,1.1641
2019-10-11,RISK-ON,OFF,1.0,5,100.0,37.5,医疗,29.17,1.1069,1.87,1.177
2019-10-18,RISK-ON,OFF,1.0,4,100.0,33.33,医疗,62.5,-0.3958,1.87,1.1723
2019-10-25,RISK-ON,OFF,1.0,4,100.0,33.33,医疗,29.17,0.5595,1.67,1.1789
2019-11-01,RISK-ON,OFF,1.0,4,100.0,12.5,医疗,25.0,1.4021,1.67,1.1954
2019-11-08,RISK-ON,OFF,1.0,4,100.0,37.5,医疗,29.17,0.5347,0.62,1.2018
2019-11-15,RISK-ON,OFF,1.0,4,100.0,0.0,医疗,29.17,0.9478,1.87,1.2132
2019-11-22,RISK-ON,OFF,1.0,4,100.0,12.5,医疗,29.17,-1.8816,0.0,1.1904
2019-11-29,RISK-ON,OFF,0.9843,4,98.43,45.44,半导体芯片,61.52,-1.1372,0.62,1.1768
2019-12-06,RISK-ON,OFF,0.8096,6,80.96,36.91,半导体芯片,20.24,6.7632,2.27,1.2564
2019-12-13,RISK-ON,OFF,0.8071,4,80.71,30.3,地产链,20.18,1.7911,1.85,1.2789
2019-12-20,RISK-ON,OFF,0.8148,5,81.48,10.38,地产链,20.37,0.6744,1.51,1.2876
2019-12-27,RISK-ON,OFF,0.8098,5,80.98,10.38,地产链,20.24,-0.4673,0.52,1.2815
2020-01-03,RISK-ON,OFF,0.7794,5,77.94,1.52,地产链,19.49,2.8671,0.52,1.3183
2020-01-10,RISK-ON,OFF,0.7911,4,79.11,39.56,半导体芯片,19.78,1.0658,0.08,1.3323
2020-01-17,RISK-ON,OFF,0.7869,4,78.69,19.89,医疗,19.67,1.5558,1.98,1.3531
2020-01-23,RISK-ON,OFF,0.7885,4,78.85,19.75,医疗,19.71,0.6186,0.99,1.3614
2020-02-07,RISK-ON,OFF,0.7979,5,79.79,10.21,医疗,19.95,-0.3012,0.99,1.3573
2020-02-14,RISK-ON,OFF,0.8144,5,81.44,0.82,医疗,20.36,1.8638,0.51,1.3826
2020-02-21,RISK-ON,OFF,0.6329,5,63.29,14.72,半导体芯片,15.82,7.5825,0.04,1.4875
2020-02-28,RISK-ON,OFF,0.5642,4,56.42,9.63,周期资源,14.11,-3.786,0.74,1.4312
2020-03-06,RISK-ON,OFF,0.5669,5,56.69,28.34,地产链,14.17,1.2284,0.48,1.4487
2020-03-13,RISK-ON,OFF,0.5535,6,55.35,7.59,高端制造,13.84,-1.4806,1.42,1.4273
2020-03-20,RISK-OFF,OFF,0.499,1,49.9,45.7,周期资源,49.9,-3.7196,0.38,1.3742
2020-03-27,RISK-OFF,OFF,0.4587,1,45.87,2.01,周期资源,45.87,3.8998,2.29,1.4278
2020-04-03,RISK-OFF,OFF,0.4709,1,47.09,0.61,周期资源,47.09,-0.4237,0.1,1.4217
2020-04-10,RISK-OFF,OFF,0.4724,1,47.24,0.07,周期资源,47.24,1.2341,0.03,1.4393
2020-04-17,RISK-ON,ON,0.4715,5,47.15,41.3,周期资源,11.79,-0.0649,0.0,1.4383
2020-04-24,RISK-ON,ON,0.4729,4,47.29,17.75,周期资源,11.82,0.3822,2.07,1.4438
2020-04-30,RISK-ON,ON,0.473,5,47.3,5.91,医疗,11.82,0.5941,0.89,1.4524
2020-05-08,RISK-ON,ON,0.4701,5,47.01,17.74,半导体芯片,11.75,1.4354,0.3,1.4733
2020-05-15,RISK-ON,ON,0.4698,5,46.98,0.02,半导体芯片,11.74,0.9333,0.89,1.487
2020-05-22,RISK-ON,ON,0.4524,4,45.24,23.49,周期资源,11.31,-1.8318,0.0,1.4598
2020-05-29,RISK-ON,ON,0.4581,6,45.81,17.18,周期资源,17.18,0.439,1.17,1.4662
2020-06-05,RISK-ON,ON,0.4595,5,45.95,11.52,周期资源,17.23,1.3495,0.86,1.486
2020-06-12,RISK-ON,ON,0.4848,5,48.48,7.01,周期资源,18.18,0.535,0.58,1.4939
2020-06-19,RISK-ON,OFF,0.4798,5,47.98,12.18,医疗,12.0,1.8287,0.35,1.5212
2020-06-24,RISK-ON,OFF,0.4796,5,47.96,17.99,医疗,11.99,0.8061,0.61,1.5335
2020-07-03,RISK-ON,OFF,0.4798,6,47.98,41.97,医疗,17.99,1.3523,0.9,1.5542
2020-07-10,RISK-ON,OFF,0.4524,6,45.24,18.33,半导体芯片,11.31,3.7341,2.1,1.6123
2020-07-17,RISK-ON,OFF,0.4246,6,42.46,11.66,高端制造,10.61,-2.5014,0.92,1.5719
2020-07-24,RISK-ON,OFF,0.425,4,42.5,10.63,医疗,10.62,0.5105,0.58,1.58
2020-07-31,RISK-ON,OFF,0.419,5,41.9,10.77,医疗,15.71,1.9084,0.53,1.6101
2020-08-07,RISK-ON,OFF,0.4163,6,41.63,10.54,医疗,15.61,1.7406,0.54,1.6382
2020-08-14,RISK-ON,OFF,0.4052,5,40.52,25.74,地产链,10.13,-1.476,0.53,1.614
2020-08-21,RISK-ON,OFF,0.4403,6,44.03,21.57,大消费,11.01,-0.4802,1.29,1.6062
2020-08-28,RISK-ON,OFF,0.4704,6,47.04,12.51,周期资源,11.76,1.268,1.08,1.6266
2020-09-04,RISK-ON,OFF,0.4674,6,46.74,11.83,周期资源,11.69,-0.5773,0.63,1.6172
2020-09-11,RISK-ON,OFF,0.4721,5,47.21,15.74,周期资源,25.57,-0.7433,0.59,1.6052
2020-09-18,RISK-ON,OFF,0.5283,4,52.83,15.74,大消费,13.21,0.7178,0.79,1.6167
2020-09-25,RISK-ON,OFF,0.5466,5,54.66,20.5,周期资源,22.78,-2.2581,0.79,1.5802
2020-09-30,RISK-ON,OFF,0.5502,4,55.02,7.01,周期资源,22.93,0.1522,1.02,1.5826
2020-10-09,RISK-ON,ON,0.5487,6,54.87,41.23,医疗,13.72,1.6281,0.35,1.6084
2020-10-16,RISK-ON,ON,0.5493,6,54.93,27.46,医疗,20.6,0.9884,2.06,1.6243
2020-10-23,RISK-ON,ON,0.529,5,52.9,33.83,大消费,13.23,-1.8227,1.37,1.5947
2020-10-30,RISK-ON,ON,0.5292,4,52.92,19.85,医疗,13.23,0.3785,1.69,1.6007
2020-11-06,RISK-ON,ON,0.5214,5,52.14,13.42,大消费,13.04,2.2943,0.99,1.6374
2020-11-13,RISK-ON,ON,0.5223,5,52.23,0.04,大消费,13.06,0.7963,0.67,1.6505
2020-11-20,RISK-ON,ON,0.5477,6,54.77,7.48,大消费,13.69,1.0013,0.0,1.667
2020-11-27,RISK-ON,ON,0.5462,7,54.62,13.73,周期资源,20.48,-0.0301,0.37,1.6665
2020-12-04,RISK-ON,ON,0.5501,6,55.01,13.85,周期资源,13.75,0.1342,0.69,1.6687
2020-12-11,RISK-ON,OFF,0.5471,5,54.71,13.75,周期资源,20.52,-0.3784,0.69,1.6624
2020-12-18,RISK-ON,OFF,0.5548,4,55.48,34.58,周期资源,13.87,1.271,0.69,1.6835
2020-12-25,RISK-ON,OFF,0.5541,5,55.41,13.89,医疗,20.78,1.0756,1.73,1.7016
2020-12-31,RISK-ON,OFF,0.5522,5,55.22,0.09,医疗,20.71,1.7623,0.69,1.7316
2021-01-08,RISK-ON,OFF,0.5732,4,57.32,7.95,医疗,14.33,3.6135,0.0,1.7942
2021-01-15,RISK-ON,OFF,0.566,5,56.6,21.58,高端制造,14.15,-3.3998,0.4,1.7332
2021-01-22,RISK-ON,OFF,0.5484,5,54.84,14.37,医疗,13.71,2.6085,1.08,1.7784
2021-01-29,RISK-ON,OFF,0.4871,5,48.71,29.94,医疗,20.29,-4.4198,0.72,1.6998
2021-02-05,RISK-ON,OFF,0.4842,5,48.42,16.25,医疗,20.18,2.225,1.5,1.7376
2021-02-10,RISK-ON,OFF,0.4876,5,48.76,22.32,医疗,18.29,2.0342,0.81,1.773
2021-02-19,RISK-ON,OFF,0.4856,6,48.56,30.45,周期资源,24.28,-0.8436,1.12,1.758
2021-02-26,RISK-ON,OFF,0.4788,5,47.88,18.3,周期资源,17.96,-1.5062,1.52,1.7315
2021-03-05,RISK-ON,OFF,0.4812,6,48.12,12.03,周期资源,24.06,0.1162,0.91,1.7335
2021-03-12,RISK-ON,OFF,0.485,5,48.5,6.2,周期资源,26.27,0.4905,0.6,1.7421
2021-03-19,RISK-ON,OFF,0.4838,4,48.38,6.09,周期资源,20.16,-0.4415,0.31,1.7344
2021-03-25,RISK-ON,OFF,0.5044,3,25.22,11.58,地产链,8.41,-0.003,0.3,1.7343
2021-03-26,RISK-ON,OFF,0.5015,6,50.15,29.28,周期资源,20.89,-0.5729,0.58,1.7244
2021-04-02,RISK-ON,ON,0.5035,5,50.35,35.62,医疗,18.88,1.1955,1.46,1.745
2021-04-09,RISK-ON,ON,0.4972,5,49.72,25.1,医疗,12.43,-1.208,1.78,1.7239
2021-04-16,RISK-ON,ON,0.5099,4,50.99,13.07,半导体芯片,12.75,-0.2187,1.25,1.7201
2021-04-23,RISK-ON,ON,0.5045,6,50.45,19.19,周期资源,18.92,1.5455,0.65,1.7467
2021-04-30,RISK-ON,ON,0.5179,6,51.79,32.04,周期资源,25.9,0.3611,0.96,1.753
2021-05-07,RISK-ON,ON,0.5169,7,51.69,6.51,周期资源,25.85,1.004,1.6,1.7706
2021-05-13,RISK-ON,ON,0.5188,4,25.94,12.95,医疗,6.48,0.2507,0.33,1.7751
2021-05-14,RISK-ON,ON,0.519,6,51.9,25.95,周期资源,19.46,0.4285,0.65,1.7827
2021-05-21,RISK-ON,ON,0.5137,6,51.37,38.79,高端制造,12.84,-0.9637,1.3,1.7655
2021-05-28,RISK-ON,OFF,0.4917,7,49.17,19.54,大消费,12.29,2.8825,1.94,1.8164
2021-06-04,RISK-ON,OFF,0.4932,5,49.32,12.37,半导体芯片,12.33,0.8074,0.98,1.8311
2021-06-11,RISK-ON,OFF,0.4945,6,49.45,24.71,新能源,18.54,0.5213,0.62,1.8406
2021-06-18,RISK-ON,OFF,0.5005,6,50.05,24.87,半导体芯片,12.51,0.1932,1.24,1.8442
2021-06-24,RISK-ON,OFF,0.5381,4,26.91,12.51,半导体芯片,6.73,-0.0124,1.24,1.8439
2021-06-25,RISK-ON,OFF,0.5899,6,58.99,29.49,新能源,14.75,0.4527,0.63,1.8523
2021-07-02,RISK-ON,OFF,0.6108,6,61.08,15.79,新能源,22.91,-0.964,1.47,1.8344
2021-07-09,RISK-ON,OFF,0.7158,6,71.58,33.17,新能源,26.84,3.3296,0.79,1.8955
2021-07-16,RISK-ON,OFF,0.7579,6,75.79,27.9,新能源,28.42,0.7345,1.66,1.9094
2021-07-23,RISK-ON,OFF,0.7028,6,70.28,11.54,周期资源,26.35,4.8168,1.39,2.0014
2021-07-30,RISK-ON,OFF,0.7193,6,71.93,9.61,周期资源,35.96,0.8117,0.58,2.0176
2021-08-06,RISK-ON,OFF,0.7674,6,76.74,37.77,周期资源,28.78,0.9607,0.48,2.037
2021-08-13,RISK-ON,OFF,0.7689,5,76.89,9.67,周期资源,28.83,1.173,1.89,2.0609
2021-08-20,RISK-ON,OFF,0.7296,5,72.96,11.08,新能源,18.24,-1.9691,0.48,2.0203
2021-08-27,RISK-ON,OFF,0.6671,6,66.71,27.36,新能源,16.68,4.7784,0.55,2.1169
2021-09-03,RISK-ON,OFF,0.6663,5,66.63,25.01,周期资源,24.99,1.8267,1.37,2.1555
2021-09-10,RISK-ON,OFF,0.6316,6,63.16,9.63,周期资源,23.68,4.2976,1.25,2.2482
2021-09-17,RISK-ON,OFF,0.5928,6,59.28,16.76,周期资源,22.23,-2.1363,0.48,2.2001
2021-09-24,RISK-ON,OFF,0.5983,5,59.83,29.92,农业,14.96,-1.1059,0.84,2.1758
2021-09-30,RISK-ON,OFF,0.604,5,60.4,37.61,医疗,22.65,0.8917,1.5,2.1952
2021-10-08,RISK-ON,OFF,0.6079,5,60.79,15.29,农业,15.2,0.9173,1.88,2.2154
2021-10-15,RISK-ON,OFF,0.596,5,59.6,15.34,农业,14.9,-0.8608,0.76,2.1963
2021-10-22,RISK-ON,OFF,0.594,6,59.4,22.37,农业,14.85,0.0203,0.77,2.1967
2021-10-29,RISK-ON,OFF,0.5924,7,59.24,37.1,新能源,22.21,-0.0107,1.12,2.1965
2021-11-05,RISK-ON,OFF,0.5927,6,59.27,22.23,新能源,14.82,0.6711,1.86,2.2112
2021-11-12,RISK-ON,OFF,0.5993,6,59.93,15.15,农业,14.98,2.3139,1.11,2.2624
2021-11-19,RISK-ON,OFF,0.6223,5,62.23,8.64,AI数字,23.34,-0.351,0.76,2.2545
2021-11-26,RISK-ON,OFF,0.6018,6,60.18,16.07,AI数字,22.57,-1.4588,0.43,2.2216
2021-12-03,RISK-ON,OFF,0.6018,6,60.18,22.57,周期资源,15.05,0.645,0.8,2.2359
2021-12-10,RISK-ON,OFF,0.5996,6,59.96,37.56,周期资源,22.49,-0.1648,1.13,2.2322
2021-12-17,RISK-ON,OFF,0.5837,7,58.37,37.28,周期资源,29.19,-1.4366,1.88,2.2002
2021-12-24,RISK-ON,OFF,0.5777,6,57.77,36.33,农业,14.44,-0.6526,1.86,2.1858
2021-12-31,RISK-ON,OFF,0.5841,5,58.41,21.99,农业,14.6,-0.2947,1.82,2.1794
2022-01-07,RISK-ON,OFF,0.6164,5,61.64,15.81,农业,15.41,0.6878,1.1,2.1943
2022-01-14,RISK-OFF,OFF,0.6107,1,61.07,61.35,周期资源,61.07,-0.6756,0.79,2.1795
2022-01-21,RISK-OFF,OFF,0.6734,1,67.34,3.14,周期资源,67.34,0.2731,3.07,2.1855
2022-01-28,RISK-OFF,OFF,0.6619,1,66.19,0.57,周期资源,66.19,-1.3164,0.16,2.1567
2022-02-11,RISK-OFF,OFF,0.6619,1,66.19,0.0,周期资源,66.19,0.891,0.03,2.1759
2022-02-18,RISK-OFF,OFF,0.65,1,65.0,0.6,周期资源,65.0,2.0519,0.0,2.2206
2022-02-25,RISK-OFF,OFF,0.6686,1,66.86,0.93,周期资源,66.86,0.8023,0.03,2.2384
2022-03-04,RISK-OFF,ON,0.7652,1,76.52,4.83,周期资源,76.52,0.5846,0.05,2.2515
2022-03-11,RISK-OFF,ON,0.7675,1,76.75,0.12,周期资源,76.75,1.9889,0.24,2.2962
2022-03-18,RISK-OFF,ON,0.9048,1,90.48,6.86,周期资源,90.48,-1.7502,0.01,2.2561
2022-03-25,RISK-OFF,ON,0.9649,1,96.49,3.0,周期资源,96.49,1.4437,0.34,2.2886
2022-04-01,RISK-OFF,ON,0.9732,1,97.32,0.42,周期资源,97.32,-1.4706,0.15,2.255
2022-04-08,RISK-OFF,ON,0.9841,1,98.41,0.55,周期资源,98.41,-0.0512,0.02,2.2538
2022-04-15,RISK-OFF,ON,0.9629,1,96.29,1.06,周期资源,96.29,2.3994,0.03,2.3079
2022-04-22,RISK-OFF,ON,0.9811,1,98.11,0.91,周期资源,98.11,0.1966,0.05,2.3124
2022-04-29,RISK-OFF,ON,0.9797,1,97.97,0.07,周期资源,97.97,-0.226,0.05,2.3072
2022-05-06,RISK-OFF,ON,0.9764,1,97.64,0.17,周期资源,97.64,-0.4766,0.0,2.2962
2022-05-13,RISK-OFF,ON,0.9745,1,97.45,0.09,周期资源,97.45,-0.8541,0.01,2.2766
2022-05-20,RISK-OFF,ON,1.0,1,100.0,1.28,周期资源,100.0,-0.4047,0.0,2.2674
2022-05-27,RISK-OFF,ON,1.0,1,100.0,0.0,周期资源,100.0,1.1461,0.06,2.2934
2022-06-02,RISK-OFF,ON,1.0,1,100.0,0.0,周期资源,100.0,-0.9534,0.0,2.2715
2022-06-10,RISK-OFF,ON,1.0,1,100.0,0.0,周期资源,100.0,-0.3902,0.0,2.2626
2022-06-17,RISK-OFF,ON,1.0,1,100.0,0.0,周期资源,100.0,0.2089,0.0,2.2674
2022-06-24,RISK-OFF,ON,1.0,1,100.0,0.0,周期资源,100.0,-1.1467,0.0,2.2414
2022-07-01,RISK-OFF,ON,1.0,1,100.0,0.0,周期资源,100.0,-1.1864,0.0,2.2148
2022-07-08,RISK-OFF,ON,1.0,1,100.0,0.0,周期资源,100.0,-2.9082,0.0,2.1504
2022-07-15,RISK-OFF,OFF,1.0,1,100.0,0.0,周期资源,100.0,-1.319,0.0,2.122
2022-07-22,RISK-OFF,OFF,1.0,1,100.0,0.0,周期资源,100.0,0.8911,0.0,2.1409
2022-07-29,RISK-OFF,OFF,1.0,1,100.0,0.0,周期资源,100.0,2.3461,0.0,2.1911
2022-08-05,RISK-OFF,OFF,1.0,1,100.0,0.0,周期资源,100.0,1.2136,0.0,2.2177
2022-08-12,RISK-OFF,OFF,1.0,1,100.0,0.0,周期资源,100.0,0.1332,0.0,2.2207
2022-08-19,RISK-OFF,OFF,1.0,1,100.0,0.0,周期资源,100.0,-0.8515,0.0,2.2018
2022-08-26,RISK-OFF,OFF,1.0,1,100.0,0.0,周期资源,100.0,0.9662,0.0,2.2231
2022-09-02,RISK-OFF,OFF,1.0,1,100.0,0.0,周期资源,100.0,-1.8075,0.0,2.1829
2022-09-09,RISK-OFF,OFF,1.0,1,100.0,0.0,周期资源,100.0,1.4889,0.0,2.2154
2022-09-16,RISK-OFF,OFF,1.0,1,100.0,0.0,周期资源,100.0,-1.4404,0.0,2.1835
2022-09-23,RISK-OFF,OFF,1.0,1,100.0,0.0,周期资源,100.0,1.0555,0.0,2.2065
2022-09-30,RISK-OFF,ON,1.0,1,100.0,0.0,周期资源,100.0,0.2946,0.0,2.213
2022-10-14,RISK-OFF,ON,1.0,1,100.0,0.0,周期资源,100.0,0.8011,0.0,2.2307
2022-10-21,RISK-OFF,ON,1.0,1,100.0,0.0,周期资源,100.0,-1.0066,0.0,2.2083
2022-10-28,RISK-OFF,ON,1.0,1,100.0,0.0,周期资源,100.0,1.2577,0.0,2.2361
2022-11-04,RISK-OFF,ON,1.0,1,100.0,0.0,周期资源,100.0,-0.3171,0.0,2.229
2022-11-11,RISK-OFF,ON,1.0,1,100.0,0.0,周期资源,100.0,3.685,0.0,2.3111
2022-11-18,RISK-OFF,ON,1.0,1,100.0,0.0,周期资源,100.0,0.1278,0.0,2.3141
2022-11-25,RISK-OFF,ON,1.0,1,100.0,0.0,周期资源,100.0,0.1532,0.0,2.3176
2022-12-02,RISK-OFF,ON,1.0,1,100.0,0.0,周期资源,100.0,0.5099,0.0,2.3294
2022-12-09,RISK-OFF,ON,1.0,1,100.0,0.0,周期资源,100.0,-1.446,0.0,2.2957
2022-12-16,RISK-OFF,ON,1.0,1,100.0,0.0,周期资源,100.0,-0.2059,0.0,2.291
2022-12-23,RISK-OFF,ON,1.0,1,100.0,0.0,周期资源,100.0,0.8512,0.0,2.3105
2022-12-30,RISK-OFF,OFF,1.0,1,100.0,0.0,周期资源,100.0,0.8696,0.0,2.3306
2023-01-06,RISK-OFF,OFF,1.0,1,100.0,0.0,周期资源,100.0,-0.2282,0.0,2.3253
2023-01-13,RISK-OFF,OFF,1.0,1,100.0,0.0,周期资源,100.0,1.3215,0.0,2.356
2023-01-20,RISK-ON,OFF,1.0,6,100.0,100.0,AI数字,50.0,1.831,0.0,2.3991
2023-02-03,RISK-ON,OFF,1.0,6,100.0,37.5,AI数字,50.0,1.36,5.0,2.4318
2023-02-10,RISK-ON,OFF,1.0,6,100.0,37.5,AI数字,50.0,0.5048,1.88,2.444
2023-02-17,RISK-ON,OFF,1.0,6,100.0,0.0,AI数字,50.0,-2.1484,1.88,2.3915
2023-02-24,RISK-ON,OFF,1.0,5,100.0,25.0,AI数字,37.5,1.3794,0.0,2.4245
2023-03-03,RISK-ON,OFF,1.0,6,100.0,25.0,AI数字,50.0,3.1638,1.25,2.5012
2023-03-10,RISK-OFF,OFF,1.0,1,100.0,100.0,周期资源,100.0,-3.3503,1.25,2.4174
2023-03-17,RISK-OFF,OFF,1.0,1,100.0,0.0,周期资源,100.0,3.4094,5.0,2.4999
2023-03-24,RISK-ON,OFF,1.0,6,100.0,100.0,AI数字,50.0,1.732,0.0,2.5432
2023-03-31,RISK-ON,OFF,1.0,7,100.0,25.0,AI数字,62.5,1.1985,5.0,2.5736
2023-04-07,RISK-ON,OFF,0.76,7,76.0,12.0,AI数字,47.5,8.3615,1.25,2.7888
2023-04-14,RISK-ON,OFF,0.7107,7,71.07,20.23,AI数字,44.42,-2.5272,0.6,2.7184
2023-04-21,RISK-ON,OFF,0.6875,6,68.75,26.94,AI数字,25.78,-1.6673,1.01,2.673
2023-04-28,RISK-ON,OFF,0.6917,5,69.17,25.99,大金融,25.94,1.2622,1.35,2.7068
2023-05-05,RISK-OFF,OFF,0.6915,1,69.15,69.16,周期资源,69.15,0.902,1.3,2.7312
2023-05-12,RISK-OFF,OFF,0.6868,1,68.68,0.23,周期资源,68.68,-0.7312,3.46,2.7112
2023-05-19,RISK-OFF,OFF,0.7021,1,70.21,0.76,周期资源,70.21,-0.6831,0.01,2.6927
2023-05-26,RISK-OFF,OFF,0.7002,1,70.02,0.09,周期资源,70.02,-0.2792,0.04,2.6852
2023-06-02,RISK-OFF,OFF,0.6987,1,69.87,0.07,周期资源,69.87,1.0345,0.0,2.713
2023-06-09,RISK-OFF,OFF,0.698,1,69.8,0.04,周期资源,69.8,0.0323,0.0,2.7138
2023-06-16,RISK-ON,OFF,0.7074,6,70.74,70.27,AI数字,35.37,-0.0645,0.0,2.7121
2023-06-21,RISK-OFF,OFF,0.7091,1,70.91,70.83,周期资源,70.91,0.2414,3.51,2.7186
2023-06-30,RISK-OFF,OFF,0.7081,1,70.81,0.05,周期资源,70.81,-0.0519,3.54,2.7172
2023-07-07,RISK-OFF,ON,0.7075,1,70.75,0.03,周期资源,70.75,0.0657,0.0,2.719
2023-07-14,RISK-OFF,ON,0.7094,1,70.94,0.09,周期资源,70.94,0.476,0.0,2.7319
2023-07-21,RISK-OFF,ON,0.7089,1,70.89,0.02,周期资源,70.89,1.0299,0.0,2.7601
2023-07-28,RISK-ON,ON,0.7065,7,70.65,70.77,地产链,26.49,-0.6925,0.0,2.741
2023-08-04,RISK-ON,ON,0.7059,7,70.59,0.03,地产链,26.47,1.0518,3.54,2.7698
2023-08-11,RISK-OFF,ON,0.6598,1,65.98,68.28,周期资源,65.98,-2.8418,0.0,2.6911
2023-08-18,RISK-OFF,ON,0.6735,1,67.35,0.68,周期资源,67.35,0.0717,3.41,2.693
2023-08-25,RISK-OFF,ON,0.6754,1,67.54,0.09,周期资源,67.54,0.4157,0.03,2.7042
2023-09-01,RISK-OFF,OFF,0.6929,1,69.29,0.88,周期资源,69.29,0.5835,0.0,2.72
2023-09-08,RISK-OFF,OFF,0.7287,1,72.87,1.79,周期资源,72.87,0.6712,0.04,2.7382
2023-09-15,RISK-OFF,OFF,0.7551,1,75.51,1.32,周期资源,75.51,0.536,0.09,2.7529
2023-09-22,RISK-OFF,OFF,0.7607,1,76.07,0.28,周期资源,76.07,0.0328,0.07,2.7538
2023-09-28,RISK-OFF,OFF,0.737,1,73.7,1.18,周期资源,73.7,-2.056,0.01,2.6972
2023-10-13,RISK-OFF,OFF,1.0,1,100.0,13.15,周期资源,100.0,-0.504,0.06,2.6836
2023-10-20,RISK-OFF,OFF,1.0,1,100.0,0.0,周期资源,100.0,4.3263,0.66,2.7997
2023-10-27,RISK-OFF,OFF,1.0,1,100.0,0.0,周期资源,100.0,-0.0879,0.0,2.7973
2023-11-03,RISK-OFF,OFF,1.0,1,100.0,0.0,周期资源,100.0,0.3079,0.0,2.8059
2023-11-10,RISK-OFF,ON,1.0,1,100.0,0.0,周期资源,100.0,-1.2497,0.0,2.7708
2023-11-17,RISK-OFF,ON,1.0,1,100.0,0.0,周期资源,100.0,0.4218,0.0,2.7825
2023-11-24,RISK-OFF,ON,1.0,1,100.0,0.0,周期资源,100.0,-1.6361,0.0,2.737
2023-12-01,RISK-OFF,ON,1.0,1,100.0,0.0,周期资源,100.0,1.8431,0.0,2.7874
2023-12-08,RISK-OFF,ON,1.0,1,100.0,0.0,周期资源,100.0,0.2648,0.0,2.7948
2023-12-15,RISK-OFF,ON,1.0,1,100.0,0.0,周期资源,100.0,-0.022,0.0,2.7942
2023-12-22,RISK-OFF,ON,1.0,1,100.0,0.0,周期资源,100.0,0.8366,0.0,2.8176
2023-12-29,RISK-OFF,ON,1.0,1,100.0,0.0,周期资源,100.0,0.3057,0.0,2.8262
2024-01-05,RISK-OFF,ON,1.0,1,100.0,0.0,周期资源,100.0,0.37,0.0,2.8366
2024-01-12,RISK-OFF,ON,1.0,1,100.0,0.0,周期资源,100.0,-0.4121,0.0,2.8249
2024-01-19,RISK-OFF,ON,1.0,1,100.0,0.0,周期资源,100.0,0.1089,0.0,2.828
2024-01-26,RISK-OFF,ON,1.0,1,100.0,0.0,周期资源,100.0,-0.5003,0.0,2.8139
2024-02-02,RISK-OFF,ON,1.0,1,100.0,0.0,周期资源,100.0,1.115,0.0,2.8452
2024-02-08,RISK-OFF,ON,1.0,1,100.0,0.0,周期资源,100.0,-0.3027,0.0,2.8366
2024-02-23,RISK-OFF,ON,1.0,1,100.0,0.0,周期资源,100.0,-0.694,0.0,2.8169
2024-03-01,RISK-OFF,ON,1.0,1,100.0,0.0,周期资源,100.0,0.7862,0.0,2.8391
2024-03-08,RISK-OFF,ON,1.0,1,100.0,0.0,周期资源,100.0,4.6371,0.0,2.9707
2024-03-15,RISK-OFF,ON,1.0,1,100.0,0.0,周期资源,100.0,0.2899,0.0,2.9794
2024-03-22,RISK-OFF,ON,1.0,1,100.0,0.0,周期资源,100.0,1.0324,0.0,3.0101
2024-03-29,RISK-OFF,ON,1.0,1,100.0,0.0,周期资源,100.0,3.6378,0.0,3.1196
2024-04-03,RISK-OFF,ON,0.9887,1,98.87,0.57,周期资源,98.87,2.0509,0.0,3.1836
2024-04-12,RISK-OFF,ON,0.9375,1,93.75,2.56,周期资源,93.75,5.0433,0.03,3.3442
2024-04-19,RISK-OFF,OFF,0.9401,1,94.01,0.13,周期资源,94.01,-0.5011,0.13,3.3274
2024-04-26,RISK-OFF,OFF,0.9543,1,95.43,0.71,周期资源,95.43,-2.4155,0.01,3.247
2024-04-30,RISK-OFF,OFF,0.9448,1,94.48,0.47,周期资源,94.48,-0.797,0.04,3.2211
2024-05-10,RISK-OFF,OFF,0.9396,1,93.96,0.26,周期资源,93.96,1.4639,0.02,3.2683
2024-05-17,RISK-OFF,OFF,0.9611,1,96.11,1.08,周期资源,96.11,0.9026,0.01,3.2978
2024-05-24,RISK-OFF,OFF,0.9235,1,92.35,1.88,周期资源,92.35,-1.794,0.05,3.2386
2024-05-31,RISK-OFF,OFF,0.9542,1,95.42,1.54,周期资源,95.42,0.438,0.09,3.2528
2024-06-07,RISK-OFF,OFF,0.962,1,96.2,0.39,周期资源,96.2,1.0105,0.08,3.2857
2024-06-14,RISK-OFF,OFF,0.9109,1,91.09,2.56,周期资源,91.09,-2.2701,0.02,3.2111
2024-06-21,RISK-OFF,OFF,0.9016,1,90.16,0.46,周期资源,90.16,1.8505,0.13,3.2705
2024-06-28,RISK-OFF,OFF,0.8802,1,88.02,1.07,周期资源,88.02,-1.3391,0.02,3.2267
2024-07-05,RISK-OFF,OFF,0.8759,1,87.59,0.21,周期资源,87.59,1.343,0.05,3.2701
2024-07-12,RISK-OFF,OFF,0.874,1,87.4,0.1,周期资源,87.4,1.1193,0.01,3.3067
2024-07-19,RISK-OFF,OFF,0.8726,1,87.26,0.07,周期资源,87.26,-0.4704,0.0,3.2911
2024-07-26,RISK-OFF,OFF,0.8582,1,85.82,0.72,周期资源,85.82,-1.0746,0.0,3.2557
2024-08-02,RISK-OFF,ON,0.8412,1,84.12,0.85,周期资源,84.12,2.4799,0.04,3.3365
2024-08-09,RISK-OFF,ON,0.8156,1,81.56,1.28,周期资源,81.56,-1.6065,0.04,3.2829
2024-08-16,RISK-OFF,ON,0.8181,1,81.81,0.13,周期资源,81.81,0.8236,0.06,3.3099
2024-08-23,RISK-OFF,ON,0.8251,1,82.51,0.35,周期资源,82.51,0.7882,0.01,3.336
2024-08-30,RISK-OFF,ON,0.8246,1,82.46,0.02,周期资源,82.46,0.2724,0.02,3.3451
2024-09-06,RISK-OFF,ON,0.8981,1,89.81,3.67,周期资源,89.81,-0.0905,0.0,3.3421
2024-09-13,RISK-OFF,ON,0.8917,1,89.17,0.32,周期资源,89.17,1.4782,0.18,3.3915
2024-09-20,RISK-OFF,ON,0.8921,1,89.21,0.02,周期资源,89.21,0.8352,0.02,3.4198
2024-09-27,RISK-ON,ON,0.9411,7,94.11,91.66,AI数字,23.53,1.3534,0.0,3.4661
2024-09-30,RISK-ON,ON,0.6487,6,64.87,39.74,AI数字,24.33,9.3791,4.58,3.7912
2024-10-11,RISK-ON,ON,0.6268,7,62.68,24.6,AI数字,39.17,-3.3364,1.99,3.6647
2024-10-18,RISK-ON,ON,0.5425,7,54.25,11.0,AI数字,33.9,5.1892,1.23,3.8549
2024-10-25,RISK-ON,OFF,0.5556,7,55.56,14.05,AI数字,34.73,0.209,0.55,3.8629
2024-11-01,RISK-ON,OFF,0.5414,7,54.14,20.84,AI数字,27.07,-1.6912,0.7,3.7976
2024-11-08,RISK-ON,OFF,0.4674,7,46.74,14.46,AI数字,23.37,5.3532,1.04,4.0009
2024-11-15,RISK-ON,OFF,0.443,7,44.3,28.91,新能源,16.61,-2.3673,0.72,3.9062
2024-11-22,RISK-ON,OFF,0.4398,5,43.98,22.03,AI数字,16.49,-1.2078,1.45,3.859
2024-11-29,RISK-ON,OFF,0.4386,6,43.86,16.51,AI数字,21.93,0.9935,1.1,3.8973
2024-12-06,RISK-ON,OFF,0.4369,4,43.69,32.85,AI数字,10.92,1.1264,0.83,3.9412
2024-12-13,RISK-ON,OFF,0.4433,6,44.33,22.0,农业,11.08,0.0447,1.64,3.943
2024-12-20,RISK-ON,OFF,0.4365,6,43.65,33.08,AI数字,16.37,-1.1452,1.1,3.8978
2024-12-27,RISK-ON,OFF,0.4391,6,43.91,21.92,大金融,10.98,-0.1307,1.65,3.8927
2025-01-03,RISK-ON,OFF,0.4107,6,41.07,21.6,周期资源,15.4,-2.8501,1.1,3.7818
2025-01-10,RISK-ON,OFF,0.411,7,41.1,15.41,周期资源,15.41,0.2019,1.08,3.7894
2025-01-17,RISK-ON,OFF,0.411,6,41.1,10.27,周期资源,20.55,0.7165,0.77,3.8166
2025-01-24,RISK-ON,OFF,0.4124,7,41.24,20.6,周期资源,20.62,-0.0848,0.51,3.8133
2025-01-27,RISK-ON,OFF,0.4124,7,41.24,25.77,AI数字,20.62,-0.7168,1.03,3.786
2025-02-07,RISK-ON,ON,0.3809,7,38.09,11.1,AI数字,23.8,3.9071,1.29,3.9339
2025-02-14,RISK-ON,ON,0.3732,7,37.32,14.28,AI数字,23.32,2.0853,0.55,4.016
2025-02-21,RISK-ON,ON,0.3684,7,36.84,9.39,AI数字,18.42,1.7899,0.71,4.0878
2025-02-28,RISK-ON,ON,0.345,7,34.5,14.11,新能源,12.94,-2.7223,0.47,3.9766
2025-03-07,RISK-ON,ON,0.3428,6,34.28,17.22,AI数字,12.85,1.3852,0.71,4.0316
2025-03-14,RISK-ON,ON,0.3416,7,34.16,12.87,周期资源,8.54,-0.3368,0.86,4.0181
2025-03-21,RISK-ON,ON,0.3387,6,33.87,21.28,周期资源,12.7,-0.7691,0.64,3.9872
2025-03-28,RISK-ON,ON,0.3376,6,33.76,25.38,周期资源,12.66,-0.4386,1.06,3.9697
2025-04-03,RISK-ON,OFF,0.365,7,36.5,17.91,农业,9.13,0.3505,1.27,3.9836
2025-04-11,RISK-ON,OFF,0.3741,6,37.41,9.58,农业,9.35,-0.78,0.9,3.9525
2025-04-18,RISK-ON,OFF,0.4,6,40.0,15.0,地产链,15.0,0.1108,0.48,3.9569
2025-04-25,RISK-ON,OFF,0.3995,7,39.95,10.01,农业,9.99,-0.3392,0.75,3.9435
2025-04-30,RISK-ON,OFF,0.4041,7,40.41,15.21,AI数字,10.1,-0.277,0.5,3.9325
2025-05-09,RISK-ON,OFF,0.459,7,45.9,38.11,新能源,11.48,0.2503,0.76,3.9424
2025-05-16,RISK-ON,OFF,0.4783,7,47.83,12.2,新能源,17.94,0.1954,1.91,3.9501
2025-05-23,RISK-ON,OFF,0.4851,7,48.51,18.28,新能源,18.19,0.0606,0.61,3.9525
2025-05-30,RISK-ON,ON,0.4872,6,48.72,30.43,医疗,18.27,-0.5514,0.91,3.9307
2025-06-06,RISK-ON,ON,0.4881,5,48.81,12.21,医疗,18.3,1.1358,1.52,3.9753
2025-06-13,RISK-ON,ON,0.4799,6,47.99,18.3,周期资源,12.0,1.6348,0.61,4.0403
2025-06-20,RISK-ON,ON,0.4805,6,48.05,18.02,周期资源,18.02,-1.1788,0.92,3.9927
2025-06-27,RISK-ON,ON,0.4751,7,47.51,18.08,AI数字,17.82,1.4322,0.9,4.0499
2025-07-04,RISK-ON,ON,0.5181,6,51.81,25.91,周期资源,12.95,0.425,0.9,4.0671
2025-07-11,RISK-ON,ON,0.5046,6,50.46,6.98,周期资源,12.61,2.3172,1.3,4.1613
2025-07-18,RISK-ON,ON,0.5044,6,50.44,25.23,周期资源,12.61,0.9321,0.35,4.2001
2025-07-25,RISK-ON,OFF,0.5022,6,50.22,31.47,周期资源,18.83,1.3837,1.26,4.2582
2025-08-01,RISK-ON,OFF,0.5041,6,50.41,25.16,AI数字,18.9,-0.666,1.57,4.2299
2025-08-08,RISK-ON,OFF,0.5934,6,59.34,23.37,高端制造,14.84,0.4951,1.26,4.2508
2025-08-15,RISK-ON,OFF,0.5724,5,57.24,22.52,通信光模块,14.31,4.0391,1.17,4.4225
2025-08-22,RISK-ON,OFF,0.4559,5,45.59,17.22,AI数字,17.1,7.1817,1.13,4.7401
2025-08-29,RISK-ON,OFF,0.4475,5,44.75,6.01,AI数字,16.78,4.8847,0.86,4.9716
2025-09-05,RISK-ON,OFF,0.4387,6,43.87,5.92,AI数字,16.45,-1.3264,0.3,4.9057
2025-09-12,RISK-ON,OFF,0.4344,6,43.44,0.22,AI数字,16.29,2.2707,0.3,5.0171
2025-09-19,RISK-ON,OFF,0.4436,6,44.36,22.18,新能源,22.18,1.1083,0.01,5.0727
2025-09-26,RISK-ON,OFF,0.4473,7,44.73,22.32,新能源,22.37,1.7705,1.11,5.1625
2025-09-30,RISK-ON,OFF,0.4462,6,44.62,16.79,新能源,16.73,1.6643,1.12,5.2484
2025-10-10,RISK-ON,OFF,0.4431,6,44.31,16.73,新能源,16.62,-1.1915,0.84,5.1859
2025-10-17,RISK-ON,OFF,0.4242,6,42.42,21.92,周期资源,21.21,-1.7363,0.84,5.0959
2025-10-24,RISK-ON,OFF,0.4278,5,42.78,21.39,周期资源,16.04,0.3348,1.1,5.1129
2025-10-31,RISK-ON,OFF,0.4306,5,43.06,5.49,周期资源,16.15,0.1947,1.07,5.1229
2025-11-07,RISK-ON,OFF,0.4271,6,42.71,10.85,新能源,16.02,2.1721,0.27,5.2341
2025-11-14,RISK-ON,OFF,0.4175,7,41.75,10.92,新能源,20.88,-1.0131,0.54,5.1811
2025-11-21,RISK-ON,OFF,0.3811,7,38.11,25.64,周期资源,14.29,-2.9799,0.55,5.0267
2025-11-28,RISK-ON,OFF,0.3844,7,38.44,14.45,周期资源,14.41,0.3319,1.28,5.0434
2025-12-05,RISK-ON,OFF,0.3838,5,38.38,28.81,周期资源,14.39,0.2407,0.72,5.0555
2025-12-12,RISK-ON,OFF,0.3847,6,38.47,19.22,AI数字,14.43,0.459,1.44,5.0788
2025-12-19,RISK-ON,OFF,0.39,7,39.0,5.01,AI数字,14.62,-0.2053,0.96,5.0683
2025-12-26,RISK-ON,OFF,0.3881,7,38.81,19.5,高端制造,14.55,1.6667,0.25,5.1528
2025-12-31,RISK-ON,OFF,0.3883,6,38.83,14.56,高端制造,14.56,0.4583,0.97,5.1764
2026-01-09,RISK-ON,OFF,0.3669,6,36.69,19.41,高端制造,13.76,3.8088,0.73,5.3736
2026-01-16,RISK-ON,OFF,0.3634,6,36.34,18.26,AI数字,13.63,-0.4275,0.97,5.3506
2026-01-23,RISK-ON,OFF,0.3636,7,36.36,13.63,周期资源,9.09,0.634,0.91,5.3845
2026-01-30,RISK-ON,OFF,0.3596,6,35.96,18.18,AI数字,8.99,-1.0114,0.68,5.3301
2026-02-06,RISK-ON,OFF,0.3458,5,34.58,22.13,新能源,8.64,-1.7602,0.91,5.2362
2026-02-13,RISK-ON,OFF,0.3539,5,35.39,4.73,周期资源,13.27,0.0859,1.11,5.2407
2026-02-27,RISK-ON,OFF,0.3952,7,39.52,19.24,周期资源,24.7,1.9419,0.24,5.3425
2026-03-06,RISK-ON,OFF,0.4459,7,44.59,17.36,周期资源,22.3,0.497,0.96,5.3691
2026-03-13,RISK-ON,OFF,0.4476,6,44.76,27.96,周期资源,16.79,-1.1629,0.87,5.3066
2026-03-20,RISK-ON,OFF,0.444,5,44.4,16.79,新能源,11.1,-2.0426,1.4,5.1982
2026-03-27,RISK-ON,OFF,0.4443,7,44.43,27.76,新能源,22.22,-0.788,0.84,5.1573
2026-04-03,RISK-ON,OFF,0.4479,7,44.79,22.4,医疗,16.8,-1.3226,1.39,5.0891
2026-04-10,RISK-ON,OFF,0.4532,6,45.32,22.66,AI数字,11.33,1.097,1.12,5.1449
2026-04-17,RISK-ON,OFF,0.4472,6,44.72,16.99,AI数字,16.77,1.8677,1.13,5.241
2026-04-23,RISK-ON,ON,0.4571,6,45.71,17.14,AI数字,22.86,0.9072,0.85,5.2885
